category,question,answer,min,max,funfact,image,datasource,datasourceurl,magnitude,guesses
Tax Time,How much tax did companies pay last year in Australia?,64530000000,1000000,2.00E+14,Test: Companies are not all bad,http://acms.sl.nsw.gov.au/item/itemLarge.aspx?itemID=341471,ATO tax data,https://www.ato.gov.au/About-ATO/Research-and-statistics/In-detail/Tax-statistics/Taxation-statistics-2012-13/?anchor=sum_detailed,logarithimic,"[6,1,1,0,1,0,1,2,1,1,5,8,0,7,2,0,1,1,4,0,4,0,3,5,0,3,0,5,2,7,0,5,4,3,0,3,7,3,0,1,0,1,0,2,0,2,1,0,3,3,1,3,3,0,3,3,4,0,1,0,1,1,0,0,1,6,4,3,3,0,6,0,5,2,0,1,2,4,1,1,1,0,0,4,3,0,0,7,3,3,1,4,5,0,1,1,5,0,0,1]"
Tax Time,How much tax did individuals pay last year in Australia?,1.55E+11,1000000,1.00E+14,,,ATO tax data,https://www.ato.gov.au/About-ATO/Research-and-statistics/In-detail/Tax-statistics/Taxation-statistics-2012-13/?anchor=sum_detailed,logarithimic,"[1,5,0,3,0,1,0,0,4,0,2,5,0,0,2,2,2,2,1,1,4,1,7,0,2,0,2,0,0,0,0,1,0,1,0,2,3,6,4,3,7,0,1,3,7,2,2,1,2,0,2,5,5,2,1,7,0,0,3,1,1,2,3,4,0,3,3,1,2,4,6,5,5,5,2,5,3,5,0,7,0,2,1,4,6,1,6,0,0,2,5,4,0,0,2,3,6,2,7,2]"
Tax Time,How much tax did super funds pay last year in Australia?,12528000000,1000000,1.00E+14,,,ATO tax data,https://www.ato.gov.au/About-ATO/Research-and-statistics/In-detail/Tax-statistics/Taxation-statistics-2012-13/?anchor=sum_detailed,logarithimic,"[5,0,0,8,1,0,0,6,0,0,1,0,3,6,0,1,0,3,8,0,4,1,3,0,2,0,1,1,0,3,1,0,0,0,0,0,7,0,1,0,5,0,6,0,1,5,1,2,1,0,5,3,1,2,3,0,0,1,7,0,1,7,0,4,0,1,2,0,4,0,6,0,9,7,3,2,1,2,3,4,1,1,1,5,2,2,0,0,0,0,3,6,0,0,0,9,2,2,1,2]"
Tax Time,How many people over 75 did a tax return in 2012-13 in Australia?,430140,100,2000000,,,ATO tax data,https://www.ato.gov.au/About-ATO/Research-and-statistics/In-detail/Tax-statistics/Taxation-statistics-2012-13/?anchor=sum_detailed,logarithimic,"[4,0,0,3,1,3,0,0,1,6,5,0,2,3,2,0,2,2,2,0,1,1,2,4,2,1,2,6,0,0,1,1,0,1,2,0,4,3,3,0,2,0,1,4,4,7,1,1,0,2,7,7,1,0,0,2,4,6,1,6,0,0,0,0,2,0,2,8,0,0,1,2,1,5,5,3,8,1,0,2,1,1,1,3,1,2,1,4,2,1,1,0,0,8,1,4,0,0,0,0]"
Tax Time,How many people under 18 did a tax return in 2012-13 in Australia?,125670,100,2000000,,,ATO tax data,https://www.ato.gov.au/About-ATO/Research-and-statistics/In-detail/Tax-statistics/Taxation-statistics-2012-13/?anchor=sum_detailed,logarithimic,"[0,0,0,4,5,4,0,1,3,0,0,3,1,0,2,0,5,0,0,5,1,0,1,3,1,6,1,1,2,0,0,0,0,1,1,2,3,0,1,0,7,0,0,4,4,1,5,0,1,3,1,0,4,0,0,1,1,0,3,1,3,0,2,2,0,4,3,3,0,5,1,0,3,6,5,3,1,6,1,6,5,0,1,1,2,0,1,1,0,1,3,2,7,0,0,0,1,0,0,0]"
Tax Time,How many Australians earned enough income in 2012-13 to pay tax?,9476960,100000,20000000,,,ATO tax data,https://www.ato.gov.au/About-ATO/Research-and-statistics/In-detail/Tax-statistics/Taxation-statistics-2012-13/?anchor=sum_detailed,logarithimic,"[1,0,1,0,2,5,0,3,1,5,0,5,1,1,4,2,0,1,3,0,0,3,1,0,4,0,1,2,1,0,0,7,3,8,3,1,1,1,2,0,2,2,0,4,7,4,1,0,2,0,2,7,0,0,3,8,2,0,2,1,0,3,1,4,9,1,2,2,2,0,0,0,3,2,2,3,0,6,0,4,6,4,1,4,2,0,4,0,2,5,0,5,3,1,1,4,2,2,3,2]"
Tax Time,How many Australians didn't earn enough income in 2012-13 to pay tax?,3299105,100000,20000000,,,ATO tax data,https://www.ato.gov.au/About-ATO/Research-and-statistics/In-detail/Tax-statistics/Taxation-statistics-2012-13/?anchor=sum_detailed,logarithimic,"[4,0,2,6,7,0,6,8,0,3,3,0,0,3,0,1,1,3,2,0,0,5,2,4,0,0,0,3,0,0,7,4,3,1,1,1,0,3,1,0,2,2,1,0,2,1,0,5,5,6,1,0,6,4,0,6,0,1,3,0,0,4,1,0,1,1,8,3,0,2,7,0,0,4,1,1,2,6,0,6,0,5,0,0,0,1,3,3,1,4,2,0,0,0,0,0,0,1,8,0]"
Tax Time,How many Australians claimed charitable donations in their 2012-13 tax return?,4548810,100000,20000000,,,ATO tax data,https://www.ato.gov.au/About-ATO/Research-and-statistics/In-detail/Tax-statistics/Taxation-statistics-2012-13/?anchor=sum_detailed,logarithimic,"[4,4,2,7,1,5,0,4,0,0,0,4,1,0,2,0,0,1,1,1,2,2,1,0,2,1,2,1,1,0,0,3,2,3,3,6,3,0,2,5,2,5,1,6,1,3,1,0,0,0,0,4,1,0,0,1,4,4,3,0,8,0,3,3,2,1,0,1,0,4,0,2,1,4,1,1,6,3,1,4,0,0,1,0,6,0,3,4,1,1,1,1,3,5,1,0,0,3,2,0]"
Tax Time,How much money did Australians claim as charitable donations in their 2012-13 tax return?,2293000000,100000,2.00E+11,,,ATO tax data,https://www.ato.gov.au/About-ATO/Research-and-statistics/In-detail/Tax-statistics/Taxation-statistics-2012-13/?anchor=sum_detailed,logarithimic,"[0,2,4,3,9,4,1,2,2,3,0,4,0,2,0,0,0,0,0,0,0,0,0,1,3,5,1,0,1,0,0,5,0,5,0,0,1,4,1,7,0,3,0,2,2,5,5,1,5,2,0,4,5,2,4,0,6,0,7,0,4,0,0,8,2,0,4,1,2,0,0,0,3,7,4,0,0,0,0,3,0,1,1,1,1,0,0,4,7,4,6,1,0,7,2,3,1,0,0,2]"
Tax Time,How many Australians had a HELP/HECS debt in 2012-13?,1823290,100000,10000000,,,ATO tax data,https://www.ato.gov.au/About-ATO/Research-and-statistics/In-detail/Tax-statistics/Taxation-statistics-2012-13/?anchor=sum_detailed,logarithimic,"[7,3,1,4,0,1,2,0,2,2,0,0,5,0,1,4,2,4,2,0,4,0,3,2,6,5,0,2,0,0,8,3,3,3,1,6,1,0,1,0,0,1,4,4,0,0,0,0,4,2,0,0,4,2,5,1,0,5,1,0,5,0,6,2,4,0,0,2,1,0,2,9,3,5,2,5,1,6,0,1,0,0,6,0,1,5,4,0,3,2,5,2,0,1,0,5,1,3,1,1]"
Tax Time,How many Australians declared some form of net rental income in 2012-13?,1967260,0,20000000,,,ATO tax data,https://www.ato.gov.au/About-ATO/Research-and-statistics/In-detail/Tax-statistics/Taxation-statistics-2012-13/?anchor=sum_detailed,logarithimic,"[1,1,0,7,2,1,2,9,0,4,2,6,2,3,3,0,3,5,0,1,0,4,0,0,2,6,0,1,7,0,5,0,2,4,0,2,7,0,1,7,0,5,1,8,8,0,0,0,0,2,5,3,1,1,2,4,1,0,3,0,0,2,0,0,4,0,3,4,1,0,2,5,7,2,2,4,2,5,4,2,2,6,2,2,4,2,3,2,0,0,2,0,1,0,1,4,5,1,1,2]"
Prepared for disaster,What proportion of North Brisbane households would have enough drinking water if cut off from services for 3 days?,46,0,100,Test: Storm is coming,http://recordsearch.naa.gov.au/scripts/PhotoSearchItemDetail.asp?M=0&B=11854722&SE=1,Qld Community Preparedness Survey,https://data.qld.gov.au/dataset/qld-community-preparedness-survey-november-2013/resource/949cae0d-34ec-4cec-b666-43b13c18bb06,percentage,"[3,0,4,1,2,4,6,4,0,0,2,1,3,1,4,3,1,0,0,0,1,3,1,5,0,0,1,0,2,7,4,1,0,0,0,0,3,4,2,1,0,1,1,5,0,3,1,0,3,0,1,0,7,0,6,2,0,3,1,0,0,0,2,1,2,0,3,0,1,2,0,2,2,0,1,0,6,6,1,3,1,3,0,3,0,1,0,1,3,0,5,5,0,0,0,0,0,3,6,2]"
Prepared for disaster,What proportion of Far North Queensland households would have enough food if cut off from services for 3 days?,93,0,100,Test: Storm is coming,http://recordsearch.naa.gov.au/scripts/PhotoSearchItemDetail.asp?M=0&B=11854722&SE=1,Qld Community Preparedness Survey,https://data.qld.gov.au/dataset/qld-community-preparedness-survey-november-2013/resource/949cae0d-34ec-4cec-b666-43b13c18bb06,percentage,"[0,0,4,1,0,2,3,5,7,4,1,4,0,2,3,2,1,5,1,1,8,0,2,1,0,4,0,3,0,0,1,1,4,0,1,0,2,4,3,6,3,1,3,1,0,5,2,2,0,0,1,1,1,0,5,1,5,4,1,5,0,0,0,5,0,0,0,7,1,2,3,2,0,0,1,3,2,0,1,2,0,3,0,6,0,3,0,2,0,4,3,3,8,3,1,0,0,3,1,0]"
Prepared for disaster,What proportion of Ipswich households would have enough drinking water if cut off from services for 3 days?,64,0,100,Test: Storm is coming,http://recordsearch.naa.gov.au/scripts/PhotoSearchItemDetail.asp?M=0&B=11854722&SE=1,Qld Community Preparedness Survey,https://data.qld.gov.au/dataset/qld-community-preparedness-survey-november-2013/resource/949cae0d-34ec-4cec-b666-43b13c18bb06,percentage,"[1,1,0,8,3,0,5,2,0,0,5,0,0,5,3,1,0,0,5,1,3,1,4,3,0,1,0,1,0,0,0,0,6,1,2,0,5,2,0,0,3,2,4,0,3,3,0,0,2,4,0,5,1,0,0,0,0,0,0,0,0,4,1,3,0,0,0,0,2,0,2,0,1,0,3,2,0,7,0,0,2,1,2,1,0,3,6,2,1,4,4,2,4,0,1,6,1,8,0,4]"
Prepared for disaster,What proportion of Townsville households would have a torch and fresh batteries if cut off from services for 3 days?,94,0,100,Test: Storm is coming,http://recordsearch.naa.gov.au/scripts/PhotoSearchItemDetail.asp?M=0&B=11854722&SE=1,Qld Community Preparedness Survey,https://data.qld.gov.au/dataset/qld-community-preparedness-survey-november-2013/resource/949cae0d-34ec-4cec-b666-43b13c18bb06,percentage,"[4,8,2,3,0,2,3,0,0,4,0,0,4,4,8,0,0,0,2,3,2,0,0,8,2,7,0,0,1,2,4,3,0,0,0,1,0,3,0,3,5,2,0,4,2,1,3,0,5,0,0,1,5,1,1,5,1,4,1,1,2,3,2,2,3,1,0,2,1,8,8,1,7,7,0,3,0,0,5,0,0,2,0,0,1,3,0,8,6,0,3,3,0,3,2,3,1,4,4,0]"
Prepared for disaster,What proportion of Gold Coast households would have a battery powered radio if cut off from services for 3 days?,41,0,100,Test: Storm is coming,http://recordsearch.naa.gov.au/scripts/PhotoSearchItemDetail.asp?M=0&B=11854722&SE=1,Qld Community Preparedness Survey,https://data.qld.gov.au/dataset/qld-community-preparedness-survey-november-2013/resource/949cae0d-34ec-4cec-b666-43b13c18bb06,percentage,"[0,0,1,6,1,2,0,2,0,0,1,1,3,3,0,1,6,5,3,1,1,0,0,0,5,0,0,9,2,6,5,0,0,0,0,7,2,0,1,1,1,3,0,2,0,6,3,1,1,0,0,0,0,1,3,0,0,1,0,1,5,0,3,4,1,0,0,4,0,0,1,3,0,0,4,1,0,8,0,5,1,1,0,1,1,1,0,2,4,4,5,0,4,1,0,0,1,1,3,0]"
Prepared for disaster,What proportion of Far North Queensland households would have a battery powered radio if cut off from services for 3 days?,72,0,100,Test: Storm is coming,http://recordsearch.naa.gov.au/scripts/PhotoSearchItemDetail.asp?M=0&B=11854722&SE=1,Qld Community Preparedness Survey,https://data.qld.gov.au/dataset/qld-community-preparedness-survey-november-2013/resource/949cae0d-34ec-4cec-b666-43b13c18bb06,percentage,"[2,0,0,3,0,0,1,1,3,0,2,0,0,7,5,3,8,0,0,5,0,7,1,2,2,3,2,1,2,0,1,1,7,3,0,5,0,5,0,7,0,1,0,0,0,2,3,0,9,1,0,1,1,1,3,0,3,2,1,2,2,0,5,0,0,2,8,2,1,2,1,0,0,6,0,4,4,1,0,0,4,3,0,0,0,0,0,5,1,4,2,0,1,3,5,3,3,1,7,1]"
Prepared for disaster,"What proportion of Queensland households would have cleaned out gutters, drains and/or flood channels in last 12 months?",11,0,100,Test: Storm is coming,http://recordsearch.naa.gov.au/scripts/PhotoSearchItemDetail.asp?M=0&B=11854722&SE=1,Qld Community Preparedness Survey,https://data.qld.gov.au/dataset/qld-community-preparedness-survey-november-2013/resource/949cae0d-34ec-4cec-b666-43b13c18bb06,percentage,"[0,3,0,0,4,1,6,3,2,0,3,5,0,3,4,0,1,0,1,3,3,1,1,1,2,1,1,0,8,1,0,0,2,3,1,0,1,5,1,2,0,1,0,2,3,2,1,0,2,2,5,2,4,6,0,2,3,0,2,6,3,2,3,1,1,2,7,1,0,0,3,0,3,1,0,0,0,0,0,3,3,0,1,1,0,0,2,0,2,0,0,0,0,0,0,3,4,2,6,6]"
Prepared for disaster,What proportion of Queensland households would have checked they have adequate supplies of regularly taken medications in last 12 months?,6,0,100,Test: Storm is coming,http://recordsearch.naa.gov.au/scripts/PhotoSearchItemDetail.asp?M=0&B=11854722&SE=1,Qld Community Preparedness Survey,https://data.qld.gov.au/dataset/qld-community-preparedness-survey-november-2013/resource/949cae0d-34ec-4cec-b666-43b13c18bb06,percentage,"[7,7,1,4,0,4,2,3,0,5,0,0,6,2,0,7,0,1,7,1,3,0,6,2,5,0,2,0,5,1,8,3,2,0,2,7,4,0,0,2,0,2,0,1,0,0,5,2,0,3,4,7,0,0,3,3,2,5,0,4,2,0,2,0,0,4,0,1,1,3,2,0,1,6,6,0,1,5,0,8,0,2,1,4,1,1,3,2,1,6,6,3,2,3,1,4,2,3,0,0]"
Prepared for disaster,What proportion of Queensland households would have discussed/decided what to do if home was at risk in last 12 months?,15,0,100,Test: Storm is coming,http://recordsearch.naa.gov.au/scripts/PhotoSearchItemDetail.asp?M=0&B=11854722&SE=1,Qld Community Preparedness Survey,https://data.qld.gov.au/dataset/qld-community-preparedness-survey-november-2013/resource/949cae0d-34ec-4cec-b666-43b13c18bb06,percentage,"[0,0,0,1,0,8,5,1,3,0,2,6,0,3,0,3,0,0,0,4,1,0,3,4,1,3,1,5,0,1,1,0,2,2,2,3,0,2,2,1,1,0,0,0,2,7,5,1,0,0,7,0,2,0,0,1,5,1,0,0,0,7,0,0,2,0,4,6,0,0,1,0,1,1,1,0,3,3,1,0,0,8,6,3,1,1,0,2,3,1,4,0,5,1,4,0,2,2,0,1]"
Prepared for disaster,"What proportion of Queensland households that are a Unit, flat or apartment would have items stored as an emergency kits?",25,0,100,Test: Storm is coming,http://recordsearch.naa.gov.au/scripts/PhotoSearchItemDetail.asp?M=0&B=11854722&SE=1,Qld Community Preparedness Survey,https://data.qld.gov.au/dataset/qld-community-preparedness-survey-november-2013/resource/949cae0d-34ec-4cec-b666-43b13c18bb06,percentage,"[2,3,0,5,1,4,2,0,0,3,3,0,1,2,6,0,1,5,1,0,2,4,6,1,2,1,1,7,3,7,3,8,0,1,2,1,0,7,2,0,1,1,5,0,1,0,1,2,0,2,1,0,4,3,6,2,2,1,0,0,3,1,6,2,2,2,7,5,0,3,9,2,0,0,9,3,0,3,3,3,3,1,0,0,1,3,0,0,0,4,6,1,2,1,4,0,0,0,5,0]"
Prepared for disaster,What proportion of Queensland households that are a stand alone house would have Items stored as an emergency kit?,27,0,100,Test: Storm is coming,http://recordsearch.naa.gov.au/scripts/PhotoSearchItemDetail.asp?M=0&B=11854722&SE=1,Qld Community Preparedness Survey,https://data.qld.gov.au/dataset/qld-community-preparedness-survey-november-2013/resource/949cae0d-34ec-4cec-b666-43b13c18bb06,percentage,"[5,7,1,0,0,5,3,5,5,0,0,2,0,7,3,2,3,2,2,6,1,2,4,4,1,1,1,0,4,3,6,0,6,1,6,0,0,0,0,5,1,0,0,6,0,0,0,5,2,5,0,1,2,0,1,1,0,9,0,3,2,3,4,2,0,0,7,3,0,6,3,2,0,2,6,2,0,2,0,7,1,0,2,2,0,8,1,5,0,1,0,0,7,8,2,4,3,1,0,1]"
Prepared for disaster,"What proportion of Queensland households that are a Unit, flat or apartment would have enough food if cut off from services for 3 days?",85,0,100,Test: Storm is coming,http://recordsearch.naa.gov.au/scripts/PhotoSearchItemDetail.asp?M=0&B=11854722&SE=1,Qld Community Preparedness Survey,https://data.qld.gov.au/dataset/qld-community-preparedness-survey-november-2013/resource/949cae0d-34ec-4cec-b666-43b13c18bb06,percentage,"[4,8,1,8,0,0,0,0,0,2,1,0,5,3,0,4,5,0,6,1,0,5,2,0,2,2,0,1,1,1,4,1,0,4,1,3,2,4,2,1,0,0,1,5,2,0,0,4,3,0,1,1,2,0,2,1,4,1,5,6,0,2,0,2,8,4,1,1,1,1,5,2,0,2,3,5,2,1,3,5,3,6,6,1,1,0,0,5,0,0,3,0,0,1,0,3,3,2,5,0]"
Prepared for disaster,What proportion of Queensland households that are a stand alone house would have enough food if cut off from services for 3 days?,92,0,100,Test: Storm is coming,http://recordsearch.naa.gov.au/scripts/PhotoSearchItemDetail.asp?M=0&B=11854722&SE=1,Qld Community Preparedness Survey,https://data.qld.gov.au/dataset/qld-community-preparedness-survey-november-2013/resource/949cae0d-34ec-4cec-b666-43b13c18bb06,percentage,"[1,6,1,0,3,3,3,7,5,1,0,0,0,3,0,2,0,3,7,0,4,2,0,1,4,0,3,1,2,3,0,0,0,0,0,4,2,3,0,3,6,1,1,1,4,8,0,8,9,3,3,0,2,3,1,7,0,0,0,2,9,0,2,1,0,0,0,4,1,0,2,0,0,5,0,0,0,5,4,0,0,0,1,0,6,0,0,0,6,0,0,7,0,2,2,6,1,3,3,2]"
Census,"In Australia, how many businesses are there in operation (latest figures till end of 2013)?",2079659,1000,15000000,test: Cenus is good,,ABS population and economic data,http://govhack.abs.gov.au/Index.aspx?themetreeid,logarithimic,"[5,0,0,1,1,1,9,2,7,0,0,0,2,1,0,1,0,4,6,0,7,3,0,0,0,1,1,3,0,4,0,6,0,0,6,4,0,0,7,0,3,2,1,4,7,0,5,0,0,0,5,0,0,0,4,4,9,1,3,0,7,4,8,0,3,5,1,6,0,0,3,2,2,0,4,3,1,1,0,4,5,2,1,6,7,2,4,0,0,0,6,4,2,0,3,2,0,3,2,3]"
Census,"In Australia, how many businesses closed down last year (latest figures till end of 2013)?",300770,1000,5000000,test: Cenus is good,,ABS population and economic data,http://govhack.abs.gov.au/Index.aspx?themetreeid,logarithimic,"[0,0,4,0,5,1,1,0,0,0,0,4,3,0,0,8,6,5,1,0,0,0,2,6,5,2,3,2,2,0,5,3,6,5,5,0,0,3,3,4,0,5,4,0,0,1,3,0,3,1,2,9,3,0,0,3,2,0,2,0,1,4,6,0,0,0,1,4,3,0,1,0,0,2,2,0,0,1,0,6,1,4,5,3,1,0,1,1,1,0,0,3,8,0,0,1,1,5,0,4]"
Census,"In Australia, how many new businesses started last year (latest figures till end of 2013)?",239227,1000,5000000,test: Cenus is good,,ABS population and economic data,http://govhack.abs.gov.au/Index.aspx?themetreeid,logarithimic,"[3,2,0,3,3,8,9,4,3,0,1,3,0,2,3,4,3,0,0,0,1,2,0,0,0,1,0,0,2,4,1,3,2,0,0,1,1,2,1,6,3,6,0,2,6,0,0,5,0,4,2,1,1,4,1,0,3,0,5,1,5,0,4,1,7,0,5,2,0,0,2,1,0,3,1,2,0,0,6,1,1,1,0,1,0,9,4,0,2,1,0,0,1,7,0,0,6,5,2,7]"
Census,"In Australia, how many businesses went bankrupt last year (latest figures till end of 2013)?",21789,1000,500000,test: Cenus is good,,ABS population and economic data,http://govhack.abs.gov.au/Index.aspx?themetreeid,logarithimic,"[1,2,0,1,1,0,1,2,4,0,1,6,4,2,1,0,0,1,2,0,0,2,3,0,1,2,0,7,0,0,0,5,0,0,0,6,3,4,1,3,1,0,4,8,3,7,0,0,0,1,1,0,4,6,0,2,0,0,7,3,0,0,2,1,2,3,7,2,3,5,1,5,0,3,1,7,0,0,3,2,1,0,1,3,0,8,4,0,2,1,2,5,3,4,1,0,2,2,0,2]"
Census,"In Australia, how many who were full time students recieved the Newstart Allowance last year (latest figures till end of 2013)?",247656,1000,10000000,test: Cenus is good,,ABS population and economic data,http://govhack.abs.gov.au/Index.aspx?themetreeid,logarithimic,"[0,6,3,8,4,0,5,0,1,9,1,4,2,5,4,0,0,2,0,2,2,0,7,1,3,0,1,2,0,0,0,4,5,6,1,6,0,5,1,1,4,2,3,2,1,5,7,2,1,0,6,3,5,0,3,2,0,0,5,1,0,1,0,1,3,0,3,0,1,0,2,0,4,1,2,3,0,1,1,2,4,0,0,4,0,2,6,4,0,0,7,1,1,3,4,0,7,0,2,3]"
Census,"In Australia, how many people recieved the single parent parenting payment last year (latest figures till end of 2013)?",255411,1000,10000000,test: Cenus is good,,ABS population and economic data,http://govhack.abs.gov.au/Index.aspx?themetreeid,logarithimic,"[5,0,0,4,1,2,7,0,0,5,0,1,0,2,7,0,6,1,0,2,5,0,0,3,3,0,0,2,1,4,6,2,0,4,1,4,0,3,0,0,1,1,7,2,1,7,3,0,0,0,1,0,3,0,8,1,5,2,2,0,1,0,2,6,2,1,2,4,0,2,1,1,4,0,0,0,1,3,2,1,0,0,0,2,0,2,4,0,1,0,0,2,0,4,0,5,1,1,1,5]"
Census,"In Australia, how many people recieved the Newstart Allowance (dole) last year (latest figures till end of 2013)?",660673,1000,10000000,test: Cenus is good,,ABS population and economic data,http://govhack.abs.gov.au/Index.aspx?themetreeid,logarithimic,"[1,1,0,0,0,3,2,0,0,1,4,4,2,3,5,4,1,6,0,0,0,4,5,0,1,0,6,8,0,0,0,0,6,8,1,2,0,0,2,1,1,2,1,0,0,5,0,0,6,3,0,0,0,2,2,2,0,2,4,3,5,1,1,1,3,4,6,8,0,0,5,2,1,0,0,9,9,3,0,0,2,1,2,1,0,2,4,3,1,1,0,0,0,2,1,4,0,1,0,3]"
Census,"In Australia, of people who recieved the Newstart Allowance (dole) last year (latest figures till end of 2013) how many had been on the Newstart Allowance for more than 365 days?",66,0,100,test: Cenus is good,,ABS population and economic data,http://govhack.abs.gov.au/Index.aspx?themetreeid,percentage,"[1,1,0,1,0,0,0,3,1,2,4,0,0,5,5,2,0,5,2,0,7,2,0,0,0,1,3,5,4,0,0,1,3,4,0,4,0,3,4,0,1,0,2,0,5,7,0,0,5,0,0,0,4,1,0,6,0,1,1,0,2,2,3,3,4,1,0,3,0,1,2,1,1,0,7,0,1,0,0,2,1,2,0,1,1,1,2,1,1,6,6,4,0,1,0,1,2,0,0,4]"
Census,"In Australia, how many people recieved the Age Pension last year (latest figures till end of 2013)?",2352139,100000,10000000,test: Cenus is good,,ABS population and economic data,http://govhack.abs.gov.au/Index.aspx?themetreeid,logarithimic,"[0,3,2,2,2,0,0,4,9,3,5,2,0,3,0,1,3,2,1,0,0,1,2,1,4,1,0,0,0,1,2,3,8,0,5,3,1,1,1,2,5,0,0,0,1,4,5,1,6,6,3,0,1,0,1,0,2,7,0,6,3,2,1,5,1,0,1,4,2,4,3,4,6,3,0,2,0,1,1,1,1,0,1,0,2,2,2,6,2,1,1,0,3,1,6,2,1,3,2,0]"
Census,In Australia how many Education and training business are there (lastest figures till end of 2013)?,25128,10,1000000,test: Cenus is good,,ABS population and economic data,http://govhack.abs.gov.au/Index.aspx?themetreeid,logarithimic,"[5,2,4,0,0,0,2,8,2,2,1,1,2,6,8,0,0,5,4,2,4,8,1,1,0,4,4,7,0,1,2,4,4,1,2,0,0,4,1,0,5,0,0,4,0,3,0,4,0,4,0,0,3,1,2,0,2,4,0,2,3,0,1,3,0,6,1,0,1,2,0,0,5,0,6,0,0,0,0,4,3,0,1,0,1,0,0,0,2,0,0,2,0,3,1,0,4,0,0,2]"
Census,In Australia how many Professional scientific and technical services business are there (lastest figures till end of 2013)?,241816,10,1000000,test: Cenus is good,,ABS population and economic data,http://govhack.abs.gov.au/Index.aspx?themetreeid,logarithimic,"[0,3,6,0,0,0,8,0,1,3,2,2,1,0,7,0,1,3,0,0,1,3,0,0,1,6,2,3,2,6,2,3,1,1,6,2,8,4,6,4,5,6,1,6,0,2,3,3,2,0,2,0,0,0,2,6,0,0,0,1,3,5,0,5,2,7,0,0,0,0,0,0,3,0,1,5,5,3,2,0,4,1,2,0,0,2,0,3,0,2,2,0,4,2,1,3,2,0,4,1]"
Census,"In Australia how many Rental, hiring and real estate services business are there (lastest figures till end of 2013)?",219879,10,1000000,test: Cenus is good,,ABS population and economic data,http://govhack.abs.gov.au/Index.aspx?themetreeid,logarithimic,"[1,5,7,0,5,0,0,1,0,6,0,0,3,0,0,0,0,3,0,0,1,0,1,6,2,0,1,0,0,2,1,0,1,3,1,0,2,0,0,1,7,3,0,0,4,2,0,0,5,1,8,2,0,0,1,0,0,6,0,1,0,1,4,5,2,7,2,0,4,0,1,0,0,0,5,1,5,4,0,3,0,0,0,3,2,4,0,0,1,0,0,3,1,1,4,0,3,0,0,0]"
Census,In Australia how many dollars were spent building new private sector houses in 2013?,24904000000,100000,500000000,test: Cenus is good,,ABS population and economic data,http://govhack.abs.gov.au/Index.aspx?themetreeid,logarithimic,"[2,5,0,4,1,4,0,0,3,3,3,0,0,3,2,0,5,3,6,6,5,2,6,0,5,0,0,1,7,1,1,5,1,1,2,1,4,3,0,0,0,1,0,6,3,0,0,0,1,0,0,3,0,3,1,2,1,0,4,3,2,0,0,8,0,2,2,2,1,1,3,3,1,2,4,1,1,0,0,4,0,0,2,3,0,0,0,2,0,0,0,0,1,1,9,3,6,6,1,4]"
Census,As at Dec 2014 what was the total poulation of Australia?,23625561,100000,100000000,test: Cenus is good,,ABS population and economic data,http://govhack.abs.gov.au/Index.aspx?themetreeid,logarithimic,"[0,4,4,0,3,0,0,0,0,0,2,1,3,0,3,1,0,2,1,2,6,0,0,2,0,3,0,4,6,0,3,0,0,0,2,1,1,8,0,1,1,0,2,0,1,0,0,1,1,4,2,4,2,0,5,1,2,5,8,3,2,0,6,1,2,5,8,3,6,8,8,3,7,1,6,5,8,0,0,3,2,8,0,0,0,2,0,2,1,3,1,4,0,0,3,7,5,3,3,6]"
Census,As at Dec 2014 what was the total poulation of QLD?,4750513,100000,100000000,test: Cenus is good,,ABS population and economic data,http://govhack.abs.gov.au/Index.aspx?themetreeid,logarithimic,"[0,4,2,1,4,1,0,3,3,0,6,7,4,1,1,1,0,3,0,4,7,5,3,3,0,1,3,0,0,2,0,1,1,0,2,1,7,0,1,0,1,2,0,0,6,4,1,2,0,0,3,0,0,3,8,1,3,0,5,0,4,2,4,5,2,2,0,0,0,3,3,1,0,2,0,0,0,0,6,4,0,1,0,4,3,8,0,6,2,1,2,4,0,4,4,0,0,3,2,2]"
Census,As at Dec 2014 what was the total poulation of the Northern Territory?,244265,100000,100000000,test: Cenus is good,,ABS population and economic data,http://govhack.abs.gov.au/Index.aspx?themetreeid,logarithimic,"[0,6,1,3,5,1,0,4,2,6,0,0,6,1,1,5,4,0,0,3,0,5,1,1,7,4,0,0,0,0,0,3,0,1,1,2,4,2,0,0,1,0,6,0,0,4,1,2,3,1,0,0,0,4,2,1,5,3,3,0,1,2,0,4,0,5,0,2,3,2,0,3,1,0,0,0,0,3,7,5,0,5,0,0,1,5,1,1,0,0,0,6,1,1,5,4,5,0,4,7]"
Census,As at Dec 2014 what was the total population of Tasmania?,515235,100000,100000000,test: Cenus is good,,ABS population and economic data,http://govhack.abs.gov.au/Index.aspx?themetreeid,logarithimic,"[0,0,0,3,2,3,2,0,1,0,0,0,7,0,0,1,0,0,3,0,2,5,0,0,3,0,0,3,0,2,1,1,5,7,2,0,2,1,2,1,1,8,0,1,2,2,0,0,0,1,0,8,3,3,0,0,5,5,1,0,5,2,3,0,0,1,0,2,5,1,1,3,7,6,0,8,6,0,1,4,0,5,0,2,4,0,4,0,4,3,5,3,0,0,0,1,5,3,0,5]"
Census,As at Dec 2014 what was the total number of Australians who were aged 0-4 years old?,1528123,100000,100000000,test: Cenus is good,,ABS population and economic data,http://govhack.abs.gov.au/Index.aspx?themetreeid,logarithimic,"[0,0,3,0,0,0,1,0,0,1,0,5,2,1,0,0,0,1,0,0,0,0,3,4,3,5,3,9,4,2,3,2,0,0,1,0,8,1,1,0,7,0,2,2,0,0,6,1,0,0,4,0,0,5,3,0,7,1,0,1,1,0,4,3,2,1,3,1,2,1,1,0,3,0,0,0,2,0,0,4,3,1,4,4,5,2,0,1,5,0,8,1,0,0,3,1,4,0,2,1]"
Census,As at Dec 2014 what was the total number of Australians who were aged 85 or over?,464954,100000,100000000,test: Cenus is good,,ABS population and economic data,http://govhack.abs.gov.au/Index.aspx?themetreeid,logarithimic,"[0,0,1,2,2,6,0,0,1,4,2,3,2,0,1,7,1,1,0,6,4,2,0,2,2,2,3,1,0,7,0,4,3,3,0,4,1,6,5,0,3,2,0,0,3,0,1,6,0,3,0,7,7,6,0,0,2,5,0,0,4,1,0,0,7,2,1,2,0,8,1,0,0,2,1,2,2,1,4,3,4,0,8,0,4,2,2,0,0,1,2,0,0,2,1,3,1,2,6,1]"
Census,"As at Dec 2014, of all Australians who were aged 85 or over, what percentage were male?",36,0,100,test: Cenus is good,,ABS population and economic data,http://govhack.abs.gov.au/Index.aspx?themetreeid,percentage,"[7,1,2,3,1,0,4,3,7,6,5,8,1,3,0,0,4,2,2,5,1,5,1,0,1,8,6,1,6,0,2,2,1,1,7,5,1,0,0,0,1,1,0,1,2,3,3,0,0,5,4,0,0,0,1,1,1,2,0,4,1,7,2,2,1,0,1,0,0,4,0,2,1,0,2,1,4,8,0,3,7,6,3,0,1,0,6,0,0,0,6,8,5,1,4,5,2,3,2,3]"
Census,"As at Dec 2014, of all Australians who were aged 85 years old or older, what perecentage were female?",64,0,100,test: Cenus is good,,ABS population and economic data,http://govhack.abs.gov.au/Index.aspx?themetreeid,percentage,"[5,0,1,0,6,0,4,0,2,1,0,2,6,2,1,3,1,0,5,0,1,0,0,5,2,0,8,1,1,0,0,3,1,2,5,3,0,2,0,4,4,1,3,0,7,0,1,1,2,2,8,4,6,4,3,2,1,1,0,4,8,6,0,0,0,5,0,2,1,3,1,1,0,5,1,6,1,1,0,0,4,1,4,8,2,2,3,1,1,1,4,7,2,0,1,1,0,3,3,0]"
Census,As at the end of Dec 2014 how many people living in Australia were born in Liechtenstein?,30,0,10000000,test: Cenus is good,,ABS population and economic data,http://govhack.abs.gov.au/Index.aspx?themetreeid,logarithimic,"[1,3,2,0,3,0,1,1,0,1,6,1,2,2,1,0,0,2,3,4,5,0,3,2,2,0,0,1,1,1,3,2,1,1,1,0,4,5,6,2,1,0,0,3,3,0,3,0,1,1,1,0,4,3,2,1,4,2,3,6,4,3,0,1,6,2,1,3,0,0,2,2,1,5,0,0,1,1,7,0,1,0,0,1,6,6,0,6,1,3,2,4,2,5,1,1,0,3,6,3]"
Census,As at the end of Dec 2014 how many people living in Australia were born in Ireland?,93180,0,10000000,test: Cenus is good,,ABS population and economic data,http://govhack.abs.gov.au/Index.aspx?themetreeid,logarithimic,"[1,0,1,1,3,0,0,0,3,0,4,1,0,0,0,1,0,3,3,0,2,3,0,1,1,2,0,1,0,6,1,1,3,0,3,4,0,7,0,0,5,0,3,5,7,0,0,5,0,0,0,1,1,0,0,0,7,0,0,0,0,1,0,5,5,5,0,6,2,0,4,4,0,3,3,0,0,0,2,0,0,4,2,1,0,0,0,0,0,2,1,4,1,4,4,4,1,7,1,5]"
Census,As at the end of Dec 2014 how many people living in Australia were born in England?,1009090,0,10000000,test: Cenus is good,,ABS population and economic data,http://govhack.abs.gov.au/Index.aspx?themetreeid,logarithimic,"[0,6,0,0,0,3,2,3,3,0,4,4,0,7,1,0,1,2,7,7,3,0,0,1,1,8,2,1,6,0,1,1,0,7,1,0,2,5,1,0,3,3,1,4,0,4,2,1,2,5,0,0,5,4,2,1,2,1,2,2,0,3,1,3,1,3,8,0,4,1,0,1,0,3,8,0,3,5,4,2,0,0,4,5,2,3,1,2,0,6,1,5,4,0,2,7,0,1,0,3]"
Census,As at the end of Dec 2014 how many people living in Australia were born in New Zealand?,616960,0,10000000,test: Cenus is good,,ABS population and economic data,http://govhack.abs.gov.au/Index.aspx?themetreeid,logarithimic,"[1,3,7,0,0,0,0,1,0,6,0,0,3,1,0,7,0,0,1,0,1,1,0,0,6,0,0,4,5,1,0,0,4,4,6,0,0,0,8,1,5,3,5,0,0,0,0,0,2,3,1,4,3,1,1,0,7,7,4,0,5,0,5,1,7,3,1,5,1,6,2,2,5,3,0,7,8,8,2,0,4,4,4,0,2,0,2,0,1,1,5,1,0,0,3,1,5,1,0,3]"
Census,As at the end of Dec 2014 how many people living in Australia were born in China?,447370,0,10000000,test: Cenus is good,,ABS population and economic data,http://govhack.abs.gov.au/Index.aspx?themetreeid,logarithimic,"[8,0,1,0,3,0,5,5,2,6,1,0,0,0,2,3,4,3,2,1,4,3,4,0,0,1,0,3,0,1,0,3,2,3,0,4,3,0,0,8,2,4,4,2,3,1,1,0,0,0,2,5,0,5,6,0,3,3,0,4,4,4,5,2,1,2,3,1,2,4,5,0,2,0,0,0,0,0,1,3,5,0,7,4,0,0,3,1,1,1,1,0,0,0,4,4,3,0,0,2]"
Census,As at the end of Dec 2014 how many people living in Australia were born in India?,397180,0,10000000,test: Cenus is good,,ABS population and economic data,http://govhack.abs.gov.au/Index.aspx?themetreeid,logarithimic,"[0,0,1,0,0,2,4,3,0,0,3,1,0,3,4,4,2,5,0,5,2,0,0,0,1,0,2,0,2,1,0,0,3,1,5,4,0,1,2,4,2,1,0,2,0,0,1,5,0,0,1,7,0,3,5,1,0,0,2,1,0,0,5,9,4,3,0,0,0,5,2,4,3,0,3,0,1,2,2,2,4,2,6,0,2,2,5,3,0,0,4,3,2,1,0,0,1,2,0,6]"
Census,As at the end of Dec 2014 how many people living in Australia were born in USA?,104080,0,10000000,test: Cenus is good,,ABS population and economic data,http://govhack.abs.gov.au/Index.aspx?themetreeid,logarithimic,"[7,2,3,4,4,0,2,0,3,6,4,8,2,4,0,2,3,3,1,0,6,4,0,4,0,1,0,0,4,3,8,3,0,0,0,1,0,2,0,1,2,1,4,0,5,0,1,0,2,4,4,2,0,4,3,7,2,1,5,0,0,3,0,5,0,0,4,0,0,6,0,7,0,6,1,1,0,1,8,0,0,0,5,2,0,1,2,1,1,2,4,1,0,2,1,2,1,0,2,1]"
Census,As at the end of Dec 2014 how many people living in Australia were born in Western Sahara?,10,0,10000000,test: Cenus is good,,ABS population and economic data,http://govhack.abs.gov.au/Index.aspx?themetreeid,logarithimic,"[0,7,2,5,3,5,0,0,2,0,0,2,3,2,0,0,0,0,2,0,0,0,3,1,4,5,1,0,1,2,6,2,3,1,5,2,0,0,4,1,0,0,0,0,1,1,4,4,2,0,0,5,1,6,2,0,4,3,1,1,0,0,4,4,5,0,0,4,3,3,0,5,6,2,3,7,1,4,1,1,3,3,4,0,0,0,0,1,2,2,0,1,0,8,1,4,0,4,5,0]"
Health and welfare,"How many deaths related to pregancy, childbirth and puerprium were there in 1989? ",13,0,100,,,GRIM,http://data.gov.au/dataset/grim-books/resource/edcbc14c-ba7c-44ae-9d4f-2622ad3fafe0,linear,"[1,1,3,2,1,7,0,4,2,2,5,0,3,0,2,3,2,5,0,0,0,0,5,6,2,3,0,3,3,1,1,2,0,0,5,6,0,5,2,2,5,2,0,1,2,0,1,0,2,3,1,1,3,0,4,2,1,0,1,6,4,0,2,3,3,1,1,1,2,4,0,3,2,3,0,0,4,3,2,1,3,0,3,6,3,4,1,0,2,1,0,0,1,3,1,2,2,5,2,1]"
Health and welfare,"In the financial year of 2011-2012, what percentage of money (out of all medical related spending) was spent on research?",4,0,100,,,"Health expenditure in Australia ",http://data.gov.au/dataset/health-expenditure-in-australia/resource/88399d53-d55c-466c-8f4a-6cb965d24d6d,percentage,"[0,2,3,3,0,6,4,1,3,2,0,2,1,0,0,3,0,0,0,5,7,6,7,0,0,1,2,0,0,1,1,5,0,2,3,4,0,0,1,7,3,3,0,0,0,0,0,2,0,8,0,0,0,0,2,1,4,7,0,0,3,2,0,6,1,2,3,3,5,0,0,4,2,2,0,8,1,6,0,3,2,5,5,1,2,2,0,1,2,8,7,4,1,3,2,4,8,0,1,1]"
Health and welfare,"In 2010, How many males were diagonsed with breast cancer?",150,0,1000,,,Australian Cancer Incidence and Mortality,http://data.gov.au/dataset/australian-cancer-incidence-and-mortality,linear,"[1,1,0,4,1,0,0,0,0,3,2,6,0,0,0,0,0,5,0,3,1,1,5,0,1,6,3,1,8,1,1,0,3,0,1,0,0,6,3,0,0,0,2,1,4,1,0,1,4,4,0,5,4,6,3,0,0,1,2,4,5,3,0,1,1,4,0,2,1,3,0,1,0,4,2,6,4,2,0,0,0,3,7,0,6,5,5,1,4,3,0,0,5,1,4,7,0,1,1,1]"
Health and welfare,"In 2012-2013, on average how many beds were available in the emergency department in major city hospitals?",300,0,1000,,,Australian hospital statistics 2012-13,http://data.gov.au/dataset/australian-hospital-statistics-2012-13/resource/43b9e4a4-0752-44c7-b825-bc32c46cf3b7,linear,"[2,0,0,0,4,0,0,6,1,0,0,0,2,4,0,2,0,0,0,0,0,1,2,1,2,0,1,2,4,1,0,0,1,0,4,1,5,6,1,3,5,2,4,1,0,1,0,2,6,1,2,0,0,0,1,2,5,0,0,5,0,3,1,0,2,0,2,2,0,0,1,0,8,2,0,2,6,0,8,0,2,0,6,2,0,6,0,2,5,2,3,1,3,6,8,0,0,5,5,0]"
Health and welfare,"In 2009, of youths who spent time in youth detention, what average percentage were indigenous?",55,0,100,,,Youth detention population in Australia 2013,http://data.gov.au/dataset/youth-detention-population-in-australia-2013/resource/9d5713f7-ffdd-4652-a2e8-7c3f6d6323cb,percentage,"[5,0,4,7,0,0,2,0,0,1,0,3,1,0,2,1,2,7,0,0,1,0,0,3,1,2,0,6,1,1,6,5,1,4,1,3,0,2,0,0,4,3,0,2,2,2,1,4,0,2,1,0,0,2,2,3,6,6,1,8,0,1,1,1,4,5,4,0,3,0,4,0,2,1,1,0,2,1,4,3,1,0,1,0,2,1,5,2,8,0,1,0,0,4,7,3,0,3,2,0]"
Heath and welfare,"In 2012-2013, how many intercountry apodations were there?",100,0,1000,,,Intercountry Adoptions in Australia ,http://data.gov.au/dataset/intercountry-adoptions-in-australia/resource/820196f2-c2ae-4641-a05d-9f4d8cbf0255,logarithimic,"[4,1,0,0,5,1,0,0,7,6,1,0,6,0,1,0,1,4,2,0,1,7,3,3,2,0,5,5,0,3,4,1,1,2,0,4,0,1,3,6,2,0,1,0,0,3,2,1,3,5,3,0,0,1,2,2,6,3,1,0,5,1,2,0,0,1,0,2,1,1,1,2,4,1,3,2,0,0,7,1,7,1,2,1,3,0,3,4,3,2,3,5,0,3,1,1,3,2,0,3]"
Brisbane,How many bus stops are there in Brisbane?,7349,0,100000,,,https://www.data.brisbane.qld.gov.au/,https://www.data.brisbane.qld.gov.au/data/dataset/bus-stops/resource/c58dcbe8-bb2a-4b74-b2da-92b9111567e5,logarithimic,"[0,4,2,1,8,1,0,1,0,1,1,8,0,1,0,0,0,8,5,2,7,2,0,2,3,2,0,3,2,5,0,6,1,1,0,2,3,0,3,0,2,2,0,0,0,0,0,1,3,4,2,4,0,0,1,2,0,1,0,4,0,1,2,1,3,0,2,1,1,4,0,1,0,0,0,0,1,5,1,0,0,1,2,0,0,0,8,4,1,6,0,0,1,4,3,1,0,1,0,1]"
Brisbane,How many public drinking fountains/taps are there in Brisbane,1472,0,50000,,,https://www.data.brisbane.qld.gov.au/,https://www.data.brisbane.qld.gov.au/data/dataset/public-drinking-fountain-taps,logarithimic,"[0,1,4,2,1,6,1,1,4,2,3,0,0,7,1,5,4,5,6,2,1,6,0,2,1,5,1,2,1,1,3,2,1,0,2,0,8,1,0,5,0,0,2,4,2,1,1,0,0,0,0,7,0,3,3,1,3,5,1,0,3,1,2,0,0,0,3,1,4,4,6,1,2,6,0,1,4,0,0,0,0,0,2,3,7,0,1,2,3,6,4,2,0,7,5,1,0,0,2,1]"
Brisbane,How many Library checkouts were there on 7th June 2015 in Brisbane>,7114,2000,1000000,,,https://www.data.brisbane.qld.gov.au/,https://www.data.brisbane.qld.gov.au/data/dataset/library-checkouts-branch-date,logarithimic,"[2,0,5,7,4,1,1,0,0,0,1,5,1,0,0,6,2,0,0,1,3,1,2,0,2,2,0,3,3,1,0,2,0,0,2,2,1,0,6,0,5,5,0,1,3,3,3,6,0,3,2,7,1,5,0,1,0,0,0,1,0,0,0,0,6,0,0,2,0,1,2,3,1,1,2,0,0,0,2,0,3,0,0,0,0,0,0,3,8,0,3,0,4,3,1,2,2,1,3,1]"
Brisbane,"On average, how many vehicles per day travelled on Coronation drive, Brisbane, in July 2014?",75560,10000,2000000,,,https://www.data.brisbane.qld.gov.au/,https://www.data.brisbane.qld.gov.au/data/dataset/traffic-volume-key-corridors-performance-report,logarithimic,"[7,2,0,1,0,0,0,0,9,3,1,0,2,4,5,3,0,0,6,0,0,2,4,2,4,7,6,6,3,0,0,4,3,0,0,0,0,8,1,1,1,4,1,3,2,1,5,0,1,1,4,0,1,6,2,3,0,4,1,3,2,6,1,0,2,0,2,0,1,3,0,0,5,2,2,0,6,0,0,0,3,0,9,9,1,4,1,1,2,0,3,2,1,2,9,1,1,2,2,1]"
QLD,What was the highest air temperature (Degrees celcius) recorded in Brisbane City in 2014?,39.4,0,100,,,https://data.qld.gov.au/,https://data.qld.gov.au/dataset/air-quality-monitoring-2014/resource/4ccdd4a8-fd44-4803-a7f6-d1e694d32612,linear,"[0,1,6,3,1,3,3,0,1,7,0,2,0,6,4,5,1,5,1,2,5,0,4,1,1,2,4,0,0,1,1,0,0,1,7,1,2,3,4,6,1,1,1,0,5,1,1,4,4,9,0,1,0,0,0,3,0,3,0,2,4,0,4,2,6,5,1,2,3,0,1,4,0,5,6,1,4,0,7,8,8,3,5,1,4,9,3,1,0,2,3,0,4,2,2,4,2,0,0,2]"
QLD,What was the lowest air temperature (Degrees celcius) recorded in Brisbane city in 2014?,4.6,0,100,,,https://data.qld.gov.au/,https://data.qld.gov.au/dataset/air-quality-monitoring-2014/resource/4ccdd4a8-fd44-4803-a7f6-d1e694d32613,linear,"[1,1,3,5,2,1,0,2,0,2,1,8,0,6,1,0,4,0,0,5,4,1,0,8,0,1,0,1,0,4,0,0,8,0,2,0,0,0,2,0,0,3,3,0,0,0,1,0,2,1,8,0,0,1,4,0,0,2,1,0,2,0,2,0,0,1,1,3,5,2,4,1,1,2,1,1,0,0,2,2,2,6,0,1,0,1,3,7,1,2,4,0,4,2,2,2,0,6,0,6]"
QLD,How many different species of bird are there in Queensland?,697,0,800,,,https://data.qld.gov.au/,https://data.qld.gov.au/dataset/conservation-status-of-queensland-wildlife/resource/1c8b4859-31a4-42e7-8e63-b7cf125d4321,logarithimic,"[0,3,3,6,0,0,2,1,6,0,0,0,0,0,0,0,1,0,7,3,0,1,1,6,1,1,0,2,0,0,5,0,0,5,0,1,0,0,4,5,0,1,2,4,6,6,2,1,0,5,1,2,2,1,4,1,6,1,2,5,1,2,3,0,5,6,1,0,1,4,0,0,2,0,4,6,0,1,0,4,6,0,4,0,0,1,1,1,3,4,0,3,0,3,1,0,1,0,0,2]"
QLD,How many road crash fatalities were there in Qld from 2001-2010?,3200,100,5000,,,https://data.qld.gov.au/,http://qldspatial.information.qld.gov.au/catalogue/custom/search.page?q=%22Road%20crash%20locations%20-%20Queensland%22,logarithimic,"[1,2,6,0,0,3,4,8,1,0,3,0,0,2,8,4,0,4,4,1,0,3,5,0,0,0,0,1,6,4,1,0,1,0,1,0,3,1,0,0,0,0,1,2,0,3,0,0,0,0,6,3,0,1,0,5,2,6,0,0,1,1,4,0,1,2,3,1,3,3,1,7,9,0,5,0,0,0,0,1,0,4,1,1,1,2,3,0,0,1,0,1,1,4,4,0,0,4,2,0]"
QLD,"In 2010, how many vehicle fatalities were there as a result of hitting an animal in Queensland?",240,0,1000,,,https://data.qld.gov.au/,http://qldspatial.information.qld.gov.au/catalogue/custom/search.page?q=%22Road%20crash%20locations%20-%20Queensland%22,logarithimic,"[0,0,0,5,2,1,2,2,6,0,3,1,2,4,0,2,4,0,0,0,6,5,4,2,0,0,1,0,0,1,3,3,2,3,1,0,1,1,1,0,1,5,0,1,1,1,0,1,5,0,0,4,9,1,8,6,4,3,0,0,0,2,0,5,2,4,3,6,2,0,1,0,1,2,2,3,5,4,3,0,4,2,3,0,1,1,6,0,0,0,0,0,7,0,2,0,0,1,2,0]"
Census,As at the end of Dec 2014 how many people living in Australia were born in Iraq?,63860,0,10000000,test: Cenus is good,,ABS population and economic data,http://govhack.abs.gov.au/Index.aspx?themetreeid,logarithimic,"[6,5,0,4,3,0,0,0,5,0,0,4,0,2,1,2,2,5,1,4,0,5,1,2,1,0,0,4,0,1,1,5,3,0,7,2,0,3,0,4,0,0,3,1,2,2,2,2,0,0,2,4,0,7,4,0,5,2,1,0,0,8,1,0,1,1,1,7,0,0,0,0,2,1,3,4,6,0,0,0,0,1,3,2,3,0,5,2,8,2,3,0,4,0,4,0,0,0,1,0]"
Census,How many people migrated to Australia last year (latest data 2012),493090,0,10000000,test: Cenus is good,,ABS population and economic data,http://govhack.abs.gov.au/Index.aspx?themetreeid,logarithimic,"[3,0,4,4,0,0,0,3,7,6,5,3,0,9,1,2,6,3,0,0,6,3,3,0,7,0,1,1,0,3,0,6,1,1,4,2,0,1,1,4,1,2,1,0,1,4,2,1,0,0,0,1,1,1,0,2,4,0,0,3,1,1,0,0,0,1,1,0,1,6,1,3,0,2,4,9,0,1,3,0,1,0,8,7,3,4,1,2,2,0,8,1,1,0,0,1,6,2,6,2]"
Census,How many people migrated to Australia last year (latest data 2012) on a permanent visa for Special Eligibility/Humanitarian reasons?,6150,0,10000000,test: Cenus is good,,ABS population and economic data,http://govhack.abs.gov.au/Index.aspx?themetreeid,logarithimic,"[0,6,0,1,1,4,1,0,4,2,5,0,0,0,0,1,2,1,5,5,3,0,6,1,2,3,4,4,1,3,2,2,4,3,3,3,2,2,0,3,1,1,4,1,4,0,2,1,1,2,0,2,2,1,1,5,4,2,2,0,6,0,5,3,1,3,0,3,1,0,1,7,2,6,2,4,2,6,0,1,0,1,0,0,0,0,7,5,6,3,1,8,1,3,3,0,2,1,0,0]"
Census,How many people migrated to Australia last year (latest data 2012) on a permanent visa under the New Zealand Citizen (subclass 444) reason?,60820,0,10000000,test: Cenus is good,,ABS population and economic data,http://govhack.abs.gov.au/Index.aspx?themetreeid,logarithimic,"[1,2,1,1,0,1,1,3,0,7,1,2,0,0,0,2,3,0,0,5,2,0,0,1,3,0,3,0,9,6,7,1,5,1,0,0,0,9,1,1,0,1,1,3,0,1,1,1,2,4,0,2,1,2,2,1,0,0,2,1,1,0,2,2,2,2,0,0,3,1,1,6,1,1,7,7,3,1,6,0,4,5,2,4,6,0,0,0,4,4,2,2,1,1,0,0,2,0,6,7]"
Census,How many people migrated to Australia last year (latest data 2012) on a temporary visa?,242450,0,10000000,test: Cenus is good,,ABS population and economic data,http://govhack.abs.gov.au/Index.aspx?themetreeid,logarithimic,"[0,1,8,6,2,3,0,1,1,0,1,4,0,2,0,0,1,6,2,4,0,0,0,4,1,4,3,1,2,0,0,0,0,2,0,0,0,5,5,2,2,0,2,0,0,3,6,5,5,0,2,0,0,6,0,2,0,7,0,0,0,0,1,0,2,1,8,8,0,0,0,3,4,2,7,1,1,3,0,1,0,3,5,0,0,3,0,6,1,1,0,2,4,0,1,0,7,1,0,1]"
Census,How many people migrated to Australia last year (latest data 2012) on a temporary visa who were on a Working Holiday?,57780,0,10000000,test: Cenus is good,,ABS population and economic data,http://govhack.abs.gov.au/Index.aspx?themetreeid,logarithimic,"[0,3,1,4,2,0,4,0,2,1,0,1,2,2,0,5,3,0,4,1,1,1,3,8,3,6,0,2,0,0,0,2,1,6,2,1,3,0,1,0,1,6,0,0,1,2,3,0,1,3,4,1,0,5,2,4,0,2,0,3,4,1,0,0,0,0,2,0,0,1,0,4,0,0,5,2,0,1,3,0,1,1,4,1,3,3,7,0,2,1,4,0,8,2,0,5,6,0,0,7]"
Census,As at Dec 2014 what was the total poulation of Aboriginal and Torres Strait Islander people in Australia?,713589,0,10000000,test: Cenus is good,,ABS population and economic data,http://govhack.abs.gov.au/Index.aspx?themetreeid,logarithimic,"[1,1,1,1,0,2,2,6,0,5,3,2,2,0,1,5,7,6,3,0,0,0,2,0,0,0,2,5,0,3,8,0,1,7,6,5,2,0,3,3,1,1,1,0,2,2,6,4,0,3,6,0,7,0,5,1,4,0,0,2,3,1,6,3,0,0,2,0,3,3,4,1,1,6,7,3,2,5,2,0,5,2,8,0,0,0,0,0,4,0,2,0,1,2,5,2,3,4,1,3]"
Census,As at Dec 2014 what was the total poulation of Aboriginal and Torres Strait Islander people in Northern Territory?,72251,0,10000000,test: Cenus is good,,ABS population and economic data,http://govhack.abs.gov.au/Index.aspx?themetreeid,logarithimic,"[1,5,0,3,1,6,3,6,5,1,2,0,1,2,2,3,1,1,3,0,2,2,2,4,0,3,0,0,3,3,1,4,0,1,7,0,5,7,1,4,6,4,0,0,0,5,5,0,2,2,9,0,0,7,1,6,0,4,0,4,0,3,0,7,0,4,0,0,0,2,2,0,1,3,4,4,2,0,0,5,8,0,0,0,0,1,1,1,0,3,0,6,0,1,4,5,4,2,3,3]"
Census,As at Dec 2014 what was the total population of Aboriginal and Torres Strait Islander people in Tasmania?,25845,0,10000000,test: Cenus is good,,ABS population and economic data,http://govhack.abs.gov.au/Index.aspx?themetreeid,logarithimic,"[3,0,0,7,0,0,0,5,0,1,1,7,2,1,2,4,4,3,1,2,2,0,4,2,0,5,1,8,0,5,0,2,0,1,0,3,2,3,0,0,0,3,3,0,0,2,2,0,1,4,1,0,1,2,2,7,0,1,1,6,2,0,3,0,4,1,3,0,2,1,3,5,0,2,0,0,3,0,2,1,6,0,0,4,0,7,3,4,1,0,3,3,8,8,4,4,0,5,7,2]"
Census,In Australia what was the average consumption of beer per person in litres last year (figures for 2014)?,92,0,1000,test: Cenus is good,,ABS population and economic data,http://govhack.abs.gov.au/Index.aspx?themetreeid,linear,"[1,1,5,3,3,0,0,3,0,0,4,0,4,1,6,1,0,0,1,0,0,1,0,2,0,1,0,2,2,5,0,4,7,2,1,0,1,1,0,2,4,2,0,0,0,4,0,0,5,6,2,2,1,0,1,7,0,0,0,0,1,0,8,1,1,0,4,0,1,5,0,3,6,0,5,0,1,1,2,0,0,1,3,4,1,2,1,3,5,6,1,1,0,4,1,8,0,0,0,2]"
Census,In Australia what was the average consumption of light beer per person in litres last year (figures for 2014)?,70,0,1000,test: Cenus is good,,ABS population and economic data,http://govhack.abs.gov.au/Index.aspx?themetreeid,linear,"[6,0,0,1,1,4,1,1,5,4,2,1,5,0,6,6,0,0,2,4,1,1,3,2,7,5,5,3,4,7,4,6,9,0,4,0,1,0,0,3,0,0,0,6,0,2,0,2,8,0,3,1,2,2,2,4,0,0,3,0,0,0,2,2,6,0,6,0,1,0,0,1,6,1,0,0,3,2,7,3,0,3,4,0,0,6,1,0,3,3,0,7,0,3,0,6,0,2,0,7]"
Census,In Australia what was the average consumption of full strength beer per person in litres last year (figures for 2014)?,5,0,1000,test: Cenus is good,,ABS population and economic data,http://govhack.abs.gov.au/Index.aspx?themetreeid,linear,"[5,6,0,3,0,0,0,2,2,6,1,2,1,0,1,2,0,2,0,2,2,2,1,1,3,4,1,4,1,2,2,1,0,3,0,1,1,8,4,5,1,1,0,0,0,0,2,1,0,2,0,1,0,0,1,1,0,2,5,5,3,1,1,3,1,2,4,3,5,0,5,0,6,0,0,4,4,0,4,3,2,6,2,1,1,1,1,3,4,5,2,5,0,4,0,2,0,1,1,0]"
Census,In Australia what was the average consumption of wine per person in litres last year (figures for 2014)?,29,0,1000,test: Cenus is good,,ABS population and economic data,http://govhack.abs.gov.au/Index.aspx?themetreeid,linear,"[2,0,0,2,1,1,1,3,4,4,6,0,0,2,0,5,1,3,0,4,0,0,0,3,4,4,2,4,0,1,1,5,0,2,1,5,0,5,3,0,6,0,0,3,2,0,6,0,5,1,2,2,6,2,1,2,0,0,3,3,2,0,0,0,0,0,0,0,0,0,0,4,1,1,0,8,0,1,2,5,0,0,3,0,0,2,5,8,6,0,2,0,0,1,2,2,0,1,2,1]"
QLD,How many bus stops are there in Toowoomba?,737,0,100000,test: QLD is cool,,https://www.data.brisbane.qld.gov.au/,https://www.data.brisbane.qld.gov.au/data/dataset/bus-stops/resource/c58dcbe8-bb2a-4b74-b2da-92b9111567e5,logarithimic,"[0,3,2,3,1,4,3,2,7,1,0,0,2,2,4,5,6,0,0,0,5,4,0,0,4,1,6,4,0,3,0,0,1,1,0,7,5,0,1,3,3,1,0,0,2,2,6,0,1,0,2,3,2,3,0,1,5,1,7,2,0,0,7,3,1,1,0,0,5,3,3,4,6,1,0,7,0,2,1,2,0,3,1,3,7,0,4,0,4,0,0,2,0,7,0,1,3,3,0,6]"
QLD,"Between 2009-2013, in QLD, how many fines were issued for Aggressive Driving (both following too closely and obstruction)?",19294,0,5000000,fines,,QLD govt data - transport data/police data,https://data.qld.gov.au/dataset/traffic-infringements-by-offence-type,logarithimic,"[0,4,0,2,0,4,8,5,1,3,4,0,2,0,4,3,3,7,2,0,0,0,7,2,4,6,0,7,0,0,4,0,0,3,6,3,0,3,0,0,0,5,4,0,0,5,5,2,2,2,2,0,0,0,1,2,3,0,0,1,1,2,1,1,1,0,0,4,1,3,0,4,0,0,1,6,3,1,1,4,0,2,7,5,2,1,2,3,0,6,1,1,7,0,0,4,1,3,0,1]"
QLD,"Between 2009-2013, in QLD, how many fines were issued for consuming liquor whilst on a bicycle?",28,0,5000000,,,QLD govt data - transport data/police data,https://data.qld.gov.au/dataset/traffic-infringements-by-offence-type,logarithimic,"[2,1,0,7,1,0,0,1,2,0,0,4,2,0,7,0,1,1,0,0,1,5,1,2,0,0,0,4,9,0,3,0,2,3,1,6,7,3,2,0,5,3,6,2,0,7,1,5,2,5,2,0,0,4,2,3,3,0,2,5,6,2,0,0,2,0,0,0,0,0,4,1,4,0,0,0,1,0,1,0,0,0,7,1,0,0,2,0,1,2,3,0,1,0,0,1,1,6,7,1]"
QLD,"Between 2009-2013, in QLD, how many fines were issued for failing to give way to an Emergency Vehicle whilst on a bicycle?",9,0,5000000,,,QLD govt data - transport data/police data,https://data.qld.gov.au/dataset/traffic-infringements-by-offence-type,logarithimic,"[2,1,2,1,0,8,7,0,0,0,0,3,2,0,0,1,0,3,1,2,2,2,4,0,1,2,0,0,3,4,3,0,0,0,1,0,3,1,4,2,2,0,0,7,1,1,0,0,3,3,2,4,3,4,4,3,3,1,0,1,4,3,6,0,1,3,2,6,8,0,2,2,2,1,0,3,1,4,6,2,0,4,0,0,6,0,0,1,3,2,1,0,5,5,1,0,4,1,5,2]"
QLD,"Between 2009-2013, in QLD, how many fines were issued for not wearing a helmet on a bicycle?",31344,0,5000000,,,QLD govt data - transport data/police data,https://data.qld.gov.au/dataset/traffic-infringements-by-offence-type,logarithimic,"[0,0,3,7,0,3,0,6,3,0,1,2,2,1,0,0,5,0,4,0,0,5,5,4,6,2,1,2,4,2,2,2,0,1,0,7,5,0,6,9,2,0,1,3,2,6,3,3,4,3,0,4,3,4,3,0,2,1,6,6,1,3,1,9,0,3,0,4,0,1,3,3,1,1,1,3,0,3,0,0,0,1,5,0,0,1,2,6,3,2,1,0,4,4,1,0,3,1,2,5]"
QLD,"Between 2009-2013, in QLD, how many fines were issued under the Hooning laws for racing (in a car)?",265,0,5000000,,,QLD govt data - transport data/police data,https://data.qld.gov.au/dataset/traffic-infringements-by-offence-type,logarithimic,"[4,0,1,9,2,2,6,2,0,4,0,1,0,0,0,0,4,0,5,1,2,4,2,4,2,4,1,0,0,6,2,1,4,7,0,1,2,0,7,0,7,0,0,0,1,3,4,0,5,3,0,2,4,1,0,1,8,5,8,8,3,3,0,0,1,1,3,0,1,1,0,0,5,1,4,0,3,5,0,6,2,1,2,3,2,0,0,0,1,4,3,6,2,8,1,0,2,4,0,6]"
QLD,"Between 2009-2013, in QLD, how many fines were issued for Parking offences (in a car)?",114176,0,5000000,,,QLD govt data - transport data/police data,https://data.qld.gov.au/dataset/traffic-infringements-by-offence-type,logarithimic,"[2,3,0,4,0,4,0,1,1,2,4,1,0,2,3,1,1,1,0,1,0,4,0,7,8,3,7,0,0,2,0,1,5,3,2,6,1,3,2,6,0,3,0,1,4,5,3,0,1,0,2,2,1,1,1,4,4,0,3,5,7,2,0,2,2,0,7,2,0,7,7,0,1,0,0,2,5,0,0,0,0,2,0,2,0,1,3,1,1,1,1,2,4,1,0,0,7,2,1,3]"
QLD,"Between 2009-2013, in QLD, how many fines were issued for speeding?",3508401,100000,5000000,,,QLD govt data - transport data/police data,https://data.qld.gov.au/dataset/traffic-infringements-by-offence-type,logarithimic,"[0,3,7,1,3,5,3,3,5,4,3,0,9,3,0,0,0,0,1,8,6,2,3,2,0,1,3,1,1,6,4,0,7,6,3,4,1,4,7,1,2,6,0,0,0,3,0,1,0,3,3,1,4,1,0,6,2,4,0,0,4,3,0,2,0,1,1,4,6,2,2,0,1,0,4,2,0,5,2,2,4,5,3,3,0,8,2,1,1,1,4,0,1,5,0,3,1,2,2,0]"
QLD,"Between 2009-2013, in QLD, how the total fines that were issued for speeding how many weren't from a speed camera?",37,0,100,,,QLD govt data - transport data/police data,https://data.qld.gov.au/dataset/traffic-infringements-by-offence-type,percentage,"[8,3,1,2,0,1,2,4,3,3,4,2,2,7,1,1,0,1,5,0,2,1,3,1,0,3,1,1,1,0,1,0,4,3,1,0,4,0,0,1,0,5,0,0,2,1,1,8,0,0,0,1,0,3,3,5,0,0,3,2,1,3,2,2,1,5,3,0,0,0,0,6,3,4,0,0,0,8,3,0,1,0,1,1,0,0,5,1,5,5,7,1,3,2,1,4,4,1,6,5]"
QLD,"Between 2009-2013, in QLD, how many fines were issued for seat belt offences?",100882,0,5000000,,,QLD govt data - transport data/police data,https://data.qld.gov.au/dataset/traffic-infringements-by-offence-type,logarithimic,"[2,2,2,0,0,6,6,1,2,0,0,1,2,1,6,1,0,2,3,1,0,7,0,6,3,5,0,0,0,2,2,1,3,0,5,0,5,0,0,2,0,1,0,0,0,6,2,2,3,4,2,1,3,0,3,2,7,1,3,6,2,3,0,1,1,0,3,4,3,0,0,1,0,6,0,0,3,5,1,1,0,2,1,0,5,1,0,1,3,0,4,2,1,2,6,1,0,2,1,0]"
QLD,"Between 2009-2013, in QLD, how many fines were issued for Smoking in a Vehicle?",2177,0,5000000,,,QLD govt data - transport data/police data,https://data.qld.gov.au/dataset/traffic-infringements-by-offence-type,logarithimic,"[4,4,5,0,0,4,0,1,0,0,4,7,2,7,5,0,0,0,2,4,3,3,7,4,8,1,1,1,6,0,2,3,0,2,6,0,3,0,4,0,3,2,1,0,1,7,0,1,6,6,1,1,3,0,5,4,5,6,0,1,3,2,0,1,3,0,2,1,2,2,5,0,6,1,3,0,0,0,2,1,4,1,0,0,6,0,0,3,2,2,0,0,1,2,0,1,2,1,0,0]"
Charity,In 2013 how many hours total were worked in charities?,2695280,10000,10000000,,,Australian Charities and Not-for-profits Commission (ACNC),http://www.acnc.gov.au/ACNC/Home/ACNC/Default.aspx?hkey=3e39ac62-4f04-44fe-b569-143ca445c6bf,logarithimic,"[6,0,3,0,4,6,0,2,1,3,1,4,2,0,2,2,0,0,1,3,1,0,8,4,0,1,2,0,0,1,6,1,8,1,0,4,0,0,1,2,8,0,2,6,3,2,2,4,1,1,0,5,0,3,0,0,1,0,1,0,0,0,1,5,2,6,2,1,2,6,2,2,0,2,1,5,6,0,0,0,0,3,3,3,4,0,5,0,0,1,4,1,1,0,2,1,1,3,1,8]"
Charity,"in 2013 of the total hours worked in charities, how much of it was unpaid?",23,0,100,,,Australian Charities and Not-for-profits Commission (ACNC),http://www.acnc.gov.au/ACNC/Home/ACNC/Default.aspx?hkey=3e39ac62-4f04-44fe-b569-143ca445c6bf,percentage,"[1,1,3,2,4,0,2,7,4,0,6,2,5,5,1,0,0,0,7,1,0,3,0,0,0,6,0,5,4,5,2,3,2,4,1,4,0,1,3,0,0,2,2,0,1,2,3,1,3,0,0,1,4,3,0,2,1,0,0,4,5,0,4,1,2,6,0,0,1,8,3,2,1,1,2,8,2,7,5,2,5,1,1,1,0,2,5,4,0,5,7,2,0,0,2,2,4,5,4,3]"
Charity,"In 2013, of the total hours worked, what percent of hours were worked in charities that listed their main activity as Civic and advocacy activities?",1,0,100,,,Australian Charities and Not-for-profits Commission (ACNC),http://www.acnc.gov.au/ACNC/Home/ACNC/Default.aspx?hkey=3e39ac62-4f04-44fe-b569-143ca445c6bf,percentage,"[1,7,4,1,0,2,2,2,1,3,3,0,7,0,4,1,4,2,4,5,3,0,2,5,0,2,0,0,0,3,2,2,0,4,4,0,7,3,0,3,5,0,0,3,6,2,3,0,1,2,9,0,8,1,2,1,0,0,3,1,0,0,4,3,3,1,3,0,0,4,5,8,0,0,0,3,5,5,4,1,2,3,0,1,5,1,1,3,8,4,0,0,4,2,2,1,1,3,0,3]"
Charity,"In 2013, of the total hours worked, what percent of hours were worked in charities that listed their main activity as Environmental activities?",2,0,100,,,Australian Charities and Not-for-profits Commission (ACNC),http://www.acnc.gov.au/ACNC/Home/ACNC/Default.aspx?hkey=3e39ac62-4f04-44fe-b569-143ca445c6bf,percentage,"[8,0,3,3,5,6,3,1,0,1,1,6,1,1,0,1,2,3,2,0,0,0,3,0,0,0,0,7,8,5,1,1,0,2,2,6,1,1,1,2,0,1,4,2,1,5,0,2,6,2,1,0,2,0,0,0,3,2,5,8,0,5,5,3,3,0,3,3,7,0,1,1,3,0,1,3,0,1,3,0,1,1,0,0,0,5,0,0,0,1,4,2,2,1,0,0,1,2,2,0]"
Charity,"In 2013, of the total hours worked, what percent of hours were worked in charities that listed their main activity as Religious activities?",5,0,100,,,Australian Charities and Not-for-profits Commission (ACNC),http://www.acnc.gov.au/ACNC/Home/ACNC/Default.aspx?hkey=3e39ac62-4f04-44fe-b569-143ca445c6bf,percentage,"[2,1,1,0,2,0,1,4,4,3,5,1,0,0,3,6,1,0,0,6,5,0,5,2,0,4,1,2,4,2,5,0,0,1,0,1,3,0,2,4,0,4,0,6,5,4,4,4,1,0,5,3,6,1,2,0,5,5,6,4,0,2,0,2,5,2,0,0,4,2,2,2,0,0,5,3,2,8,1,0,6,0,2,0,1,0,0,4,0,0,0,0,0,3,5,1,2,0,0,0]"
Charity,"In 2013, of the total hours worked, what percent of hours were worked in charities that listed their main activity as Culture and arts?",10,0,100,,,Australian Charities and Not-for-profits Commission (ACNC),http://www.acnc.gov.au/ACNC/Home/ACNC/Default.aspx?hkey=3e39ac62-4f04-44fe-b569-143ca445c6bf,percentage,"[7,3,0,5,4,0,5,3,0,1,6,1,0,2,0,1,4,0,0,1,0,1,3,7,5,3,5,1,6,3,4,3,1,4,2,0,1,1,0,1,0,4,3,2,0,0,0,0,3,3,1,5,8,4,7,6,5,4,2,0,0,4,0,7,0,0,1,4,4,0,7,0,0,3,0,6,0,5,3,0,2,0,1,4,4,0,6,1,0,1,0,0,1,0,1,0,0,1,0,0]"
Charity,"In 2013, of the people who worked in charities many people were volunteers?",95,0,100,,,Australian Charities and Not-for-profits Commission (ACNC),http://www.acnc.gov.au/ACNC/Home/ACNC/Default.aspx?hkey=3e39ac62-4f04-44fe-b569-143ca445c6bf,percentage,"[4,3,5,2,5,0,0,1,1,2,5,6,2,5,3,5,3,8,4,1,0,3,0,0,0,0,0,1,3,1,0,5,0,0,4,4,3,1,0,0,0,4,0,1,0,2,5,4,1,9,1,0,2,0,0,0,2,0,0,0,0,0,4,0,1,5,1,0,0,1,0,1,1,0,6,1,2,0,0,5,0,7,1,3,0,3,1,0,2,1,0,0,2,3,2,0,1,2,1,4]"
